Epoch,Loss,Accuracy,MSE,PSNR,MAE
1,0.22512555122375488,0.4921513497829437,0.2153601199388504,126.18108367919922,0.464032918214798
2,0.017057033255696297,0.5024681687355042,0.15174785256385803,129.6969451904297,0.38913410902023315
3,0.01744183339178562,0.5024681091308594,0.04935575649142265,141.15554809570312,0.2181505709886551
