Epoch,Loss,Accuracy,MSE,PSNR,MAE
1,0.41514790058135986,0.30696213245391846,0.21872077882289886,126.02635955810547,0.4676392078399658
2,0.017033524811267853,0.5024681091308594,0.14613881707191467,130.0830078125,0.381788045167923
3,0.01744375005364418,0.5024681687355042,0.011089632287621498,157.03582763671875,0.09828677028417587
