Epoch,Loss,Accuracy,MSE,PSNR,MAE
1,0.39783230423927307,0.32815903425216675,0.21382354199886322,126.25358581542969,0.4623571038246155
2,0.016942918300628662,0.5024681687355042,0.13648945093154907,130.7738037109375,0.36880165338516235
3,0.017450004816055298,0.5024681091308594,0.0205749049782753,150.6230010986328,0.13509517908096313
