Epoch,Loss,Accuracy,MSE,PSNR,MAE
1,0.2860298156738281,0.42857566475868225,0.21699680387973785,126.10564422607422,0.465790331363678
2,0.016834838315844536,0.5024681687355042,0.15322253108024597,129.60032653808594,0.391103595495224
3,0.017441149801015854,0.5024681091308594,0.04555564746260643,142.0314178466797,0.20958799123764038
