Epoch,Loss,Accuracy,MSE
1,0.34629812836647034,0.3615795075893402,0.12017004936933517
2,0.016986528411507607,0.5024681687355042,4.1163316382153425e-06
