Epoch,Loss,Accuracy,MSE,PSNR
1,0.4109591841697693,0.33641159534454346,0.21416592597961426,126.23783111572266
2,0.01710485853254795,0.5024681687355042,0.17612145841121674,128.1985626220703
3,0.017452409490942955,0.5024681091308594,0.07145994156599045,137.4659423828125
