Epoch,Loss,Accuracy,MSE,PSNR,MAE
1,0.020055845379829407,0.5012034177780151,3.175692199874902e-06,inf,0.0011248990194872022
