Epoch,Loss,Accuracy,MSE,PSNR
1,0.27659302949905396,0.4343494772911072,0.2159217894077301,126.15525817871094
2,0.01638367399573326,0.5024681091308594,0.13719625771045685,130.71951293945312
3,0.017416859045624733,0.5024681687355042,0.04405534267425537,142.41433715820312
