Epoch,Loss,Accuracy,MSE,PSNR
1,0.28591281175613403,0.45614370703697205,0.2176036536693573,126.07762908935547
2,0.017057500779628754,0.5024681091308594,0.13007113337516785,131.25318908691406
3,0.017454300075769424,0.5024681687355042,0.016596773639321327,152.6822509765625
